{
  "Camera1": {
    "CameraMatrix": [
      [
        12898.677454079276,
        0,
        959.5
      ],
      [
        0,
        12898.677454079276,
        599.5
      ],
      [
        0,
        0,
        1
      ]
    ],
    "DistorsionCoefficients": [
      -0.9357740330290454,
      15.53459267310301,
      -0.002181381768616125,
      0.010029954455496662,
      0.1431943120812587
    ],
    "RMSErorr": 0.7761743561775851,
    "FocalLength": 75.57818820749576,
    "FovX": 8.512923001067911,
    "FovY": 5.326546831245456
  },
  "Camera2": {
    "CameraMatrix": [
      [
        12798.915178825868,
        0,
        959.5
      ],
      [
        0,
        12798.915178825868,
        599.5
      ],
      [
        0,
        0,
        1
      ]
    ],
    "DistorsionCoefficients": [
      -0.3449972103084003,
      -63.503493832222254,
      -0.002777760253284987,
      0.0056930003836241005,
      -0.46134370987821366
    ],
    "RMSErorr": 0.835333432707025,
    "FocalLength": 74.99364362593282,
    "FovX": 8.579031018271534,
    "FovY": 5.368004592857147
  },
  "R": [
    [
      0.9956599184270521,
      -0.0019591982361651166,
      0.09304562526044553
    ],
    [
      0.0020270800581164237,
      0.9999977438269337,
      -0.0006350491951564792
    ],
    [
      -0.09304417114614887,
      0.0008209039613070899,
      0.9956616434976354
    ]
  ],
  "T": [
    -43.24696716028096,
    -0.12027285856129845,
    -3.6467541290391603
  ],
  "RWorld1": [
    null,
    null,
    null
  ],
  "TWorld1": null,
  "RWorld2": [
    null,
    null,
    null
  ],
  "TWorld2": null,
  "RMSErorr": 1.2495575757350603
}